Id,list_price
9907,114.07826338456687
5243,24.062638991231836
8276,148.65877900332268
6501,55.82052165718531
1619,6.998704873784021
2226,37.439429519429
7130,205.1904126590487
2272,104.6282736614379
9594,53.66123407234228
38,19.341204035711502
3851,143.21402116778123
1713,46.78856836713287
10304,77.37959283158797
2339,11.15153194963305
10128,23.583799007515484
10859,59.17278771403028
392,93.65410005394705
3888,31.5128662461577
5940,32.89639141578971
4577,575.9410848656274
2829,16.159484863983778
9614,410.45475619151233
1900,399.26042581360406
9527,72.50025309743907
2341,76.15615855599583
7739,24.889613251728406
3445,41.16650185479985
298,28.315278099953638
429,23.304615292586462
10482,52.44390171598275
6309,31.91820527477229
9634,31.030406250330064
7093,37.72725121729584
1874,35.7650070487071
798,140.26815663475884
6394,115.20389772187886
11894,31.060906873790138
9504,93.9802668877698
4255,23.37721108731923
8991,46.805778043403
8667,44.42963656007478
1067,120.40949736816819
936,407.16042754274036
5751,22.203784814134423
7347,74.91043437821403
5061,33.159491245508136
11880,24.280357141959794
11077,84.24403016753521
9796,49.80903720760613
129,12.086839123185616
6500,68.10986858246598
903,37.05811413606112
2018,43.390619191037594
11332,46.317654596576986
2915,45.00068003394615
11814,54.29153906751972
7732,41.029737894374605
1074,67.53722747009719
11551,98.75871910045831
10732,22.693954387254795
824,60.64060892488911
5778,9.006085858689172
10059,36.02449246792392
9400,43.79212000560106
4364,36.15246574912081
8063,26.055184875265212
1466,4.452486179892681
3113,57.10404343147291
11058,63.32709290684464
8462,36.187959195691334
11124,402.4696739566069
8460,36.7790559241795
5114,32.76516299104978
1088,34.51370429382455
8311,30.73736570850369
4693,80.6748732035309
756,72.36141727954171
4864,264.3218980182664
2913,34.05160323558553
8574,17.716731336876492
2851,7.020947770556546
1097,113.69366330164223
3854,142.04350612957455
3136,263.75556011067766
724,31.145316885728157
9697,17.958242566688117
7172,27.957662527444896
7128,26.45400746818948
7952,115.82190096632624
5718,72.20405748609674
12179,41.71805674160927
7537,183.28440236575815
3255,399.8267637211928
10567,65.12013065207093
9557,33.62636767270221
10793,53.6494054697108
2057,-10.224557134427485
11958,52.19020193726205
9908,52.63268101851233
6971,22.158444414267628
1821,32.12072995298914
11339,53.83818477224038
8966,25.26215155502731
9943,57.26299909906785
10888,22.84788371353823
9265,70.59781220629128
6307,24.493428427638626
7913,3.828084785149521
7738,25.099591639578932
12085,157.63365228174885
9432,213.9236278856647
175,222.87612796231713
7253,64.30111822973366
513,121.1518821159226
10635,36.40205107298308
2120,18.870552792121753
5948,77.28883437117331
45,32.826435206377646
6702,28.546038329031756
9850,45.22609917936886
2492,77.50407892731297
5907,55.95304181823914
1458,14.622576156494972
1618,24.259420972180227
210,45.233413370469094
11477,34.788544360461316
2478,55.768288849568634
6426,32.048289062210365
2960,36.405796099588784
8113,39.8086596731482
9717,54.71438178222647
1704,30.349275339444155
3507,15.704458003323222
11102,26.008789985493475
9801,6.575403707972832
3952,66.82985644655909
1864,41.88418151905482
8349,52.94629609362582
4353,86.10372092491525
9770,31.142307051356887
2409,146.77098597802689
3924,23.391557499874075
2337,18.29790855359772
4905,59.75891400146874
5603,17.860263211818754
7039,33.53926898634111
7992,26.043344702346406
5973,53.43482013648689
3338,16.448550367953455
4700,54.90665457572396
6470,32.31437174492375
1358,49.03666803264958
6467,86.4634588774623
569,235.29351743814973
12256,55.51139246431226
1261,19.3533654884854
8498,47.855238386509185
2778,87.29098415624645
6027,85.7747263713799
3204,23.365879750079365
1141,37.29282113218962
3905,57.29282273400249
1386,29.92960813199062
11170,139.7018187271701
2938,58.88681536737062
9836,13.90205375766364
8395,118.45767832279711
4688,49.21825059922416
2679,20.051044151840685
1510,235.66388486335572
8889,162.22839127170343
7382,105.43424734897613
6564,205.0016333565191
975,19.416537460317674
6600,28.661659852956834
6290,42.613360285375364
9185,55.8558602186729
3991,17.865238729608024
12252,77.3895641445875
8050,31.92400102799737
11572,33.0069421572662
2620,17.403405128857667
5396,158.52965804688606
3104,104.46446113280257
2277,38.01552497289648
11985,45.56231237525226
9115,25.668069084071092
4547,3.709461421885919
3176,85.7261623198561
42,32.002407063871715
11787,9.623971841477683
4876,31.096690143475527
293,13.279688166291987
8693,56.242327592455325
7995,396.23830435885054
6953,31.241487908451287
7996,241.1930987721207
4092,28.607313288464162
8622,62.14182799470656
4521,30.44036521647706
6246,21.18371996701816
11186,78.23780453137017
2398,60.49540336890095
5416,71.76856837810303
6777,-8.71432271419085
10874,65.87691893681723
11316,106.75570246668318
10665,21.129598091541407
6965,39.43110106808904
5865,35.835159411531606
5937,47.25118006958285
10426,32.49553552159998
5887,24.53539326889362
665,45.55565969776692
2332,40.32294683536904
7298,44.2752792803583
5282,20.96009068824244
10694,3.8780959238348416
1506,406.9716482402108
4895,135.92984958940752
6249,249.97180497208362
9685,11.631794328132155
8769,156.5009764665714
2870,6.905863594190016
12211,65.87524786218924
9929,137.81764261470332
6862,17.33967799238862
8303,25.28837094210851
1124,15.640664269622405
10831,10.705099581455386
4059,43.86352366369246
8906,356.9138467252173
1488,50.70473231945772
5299,32.806630357680014
2999,25.385223332842514
8437,53.56934875450246
8744,119.83042699821553
11825,22.634986308834844
11462,25.550671304013854
4362,42.72397015982323
9138,14.253625251356816
5644,1.4439925089807986
11096,26.387967447327906
11162,33.966997179042224
9596,43.4318534851548
5653,20.249336301237463
8278,95.70968839313144
3139,268.1375190451764
2101,28.387496014915957
4721,114.63755981429011
11455,32.98467899562564
4041,102.20306288895694
8687,23.14768132678232
11762,47.7496745560509
2429,42.261740124113985
3731,73.80829015335082
899,55.14369203732387
5800,7.964844283204442
6236,47.10012117639087
2020,28.532778198051883
2669,34.05858655302197
4309,18.541506294183286
5300,38.8647631605003
11090,38.79285639680665
7142,103.44090084646609
4652,9.744001302836363
4049,53.117640556627606
11863,242.51455388982774
12165,45.36688039523734
6125,71.95734768063261
7558,29.441143938356454
1617,14.93777372621485
4026,25.35619284818973
4415,35.769188480624706
8664,39.99743897567778
3997,37.81323134617944
5428,17.203667578071773
3702,17.907547769062045
6498,77.47761367370288
3801,81.78989923465068
2462,728.211634181114
11839,181.1948125704711
6880,29.361893151023924
5256,36.14122759076939
1316,38.32002929607684
9245,40.28087660325143
7428,41.260695525337624
4053,34.25502584633478
2889,80.10853529594216
11086,50.69683601893284
1551,14.949340793204904
10738,410.64353549404194
1659,37.06187091436984
989,55.50144967003355
1944,231.51793138755815
5023,30.561997792458072
4928,28.0953219453681
7525,36.40149731912034
9547,44.29033119430513
12163,38.795375984534914
3339,30.307166737049776
5113,47.91621487272647
11925,21.684375505429102
933,248.461570551847
7261,91.59294765918773
8465,21.09857448884129
1092,41.91511467163611
6588,40.65217928931545
6853,41.07191622280805
1250,49.80099148056864
8168,55.89498091900361
7904,19.186693847315077
5812,49.59580920428333
10762,31.402452498766337
439,14.654637408878322
344,26.80815269514931
6643,356.15872951509897
8896,10.836116025972768
11365,30.114860970908026
9806,65.17915401861761
10560,162.6059498767626
1039,23.592571451362833
1079,47.17277758332974
7288,77.46994766909292
3169,146.95976528055647
288,21.891244955319703
3557,25.29480925948037
5332,49.00548151506507
8596,25.253311949682868
10903,46.04541850973348
8536,35.76526026657142
6087,36.24086806316938
90,20.612653271860513
12112,33.32763557752304
10957,19.559276934584968
703,60.54214342802156
11671,54.0789719088033
4329,32.132985078332794
10828,29.736765018290313
10031,98.38116049539914
7666,47.08744699744291
4893,99.03879083155938
2379,214.82688495501694
2578,70.04612216455453
3926,25.510110955541585
7259,48.10043840354184
123,24.527695520163384
6946,41.22354051902783
11250,28.490912740177613
3840,38.88636720366558
7496,58.46733121708389
3283,56.796046485855555
8756,25.035304314282133
818,85.7729889486589
5630,43.70894137276956
5446,112.37924966180066
9493,32.383739064875144
666,44.92479582077854
9905,45.95592484123212
5253,57.284994688734486
6491,45.24506739514852
379,38.100511041886556
4791,29.77418089127573
779,49.38849371313768
11568,32.249675556913665
8234,47.27622629997249
11503,32.039532521630676
11633,43.322065740291
12101,60.12451227194617
11047,35.32997809599198
2494,71.83312748131465
12053,35.238282709107324
7661,53.090140064141764
3975,26.036781807293085
11610,94.81097393383448
6963,44.72396339202643
1066,99.14092483504447
6479,32.882321695188146
11453,37.7229524368274
4330,156.74402357103767
2074,19.425738165831998
9374,188.63167345127138
4723,182.34050585311024
4421,355.40361230498064
8496,53.15886325234225
2548,25.385223332842514
12233,46.63903467409398
6304,5.253948590265779
9889,18.902681300837987
7660,68.46507725414696
4585,235.80292393978047
8872,43.60334070307149
254,45.94640877636676
10117,33.180964877387844
56,103.87412215779986
9064,410.07719758645317
2887,99.51848344010364
6192,29.889595961137164
9463,63.59079461049989
9216,19.24096048916864
7313,14.32606312054751
3476,71.44894027597843
1147,81.27315302324301
6046,41.43427271499521
11570,25.129299536234655
3236,26.640975063855485
10130,5.408475144652137
1475,32.315233958843486
9983,284.51844408040273
6375,55.4729924833127
7634,24.657745709222976
11678,178.00215181224365
7955,105.62302665150571
4150,54.71787527319438
10380,49.58174455768845
9207,217.37979263656172
8201,33.65150862590802
2030,12.627049397781295
4454,57.48160203653207
7232,233.40572441285394
10807,20.450931861718434
8175,30.906856706453205
8133,24.41799548883638
5905,53.01445207696632
9867,157.06731437416013
9990,123.7890649514328
10893,32.562943026158344
7308,31.384261729124955
9713,25.67440218485472
1846,93.44433676277649
402,22.712332419375226
1397,90.95979804729654
7824,17.95878478819009
1326,260.96381640293663
3778,33.60545286700926
5125,576.129864168157
4884,32.61563984526357
3004,52.16100918523884
10291,37.65146201100602
5615,98.0473577766692
8374,12.107329757964703
2183,15.315332331274007
1214,94.48207343392787
10093,45.31717894245013
5880,66.53811059598414
8859,22.656815479181155
137,76.60944810098025
4184,41.85824307525705
3735,42.203521282483536
7127,31.128335700046808
7745,28.146441829974478
10294,62.51938659976572
2333,42.58318894395475
12243,235.10473813562015
1556,40.74202321976198
7367,576.8849813782754
135,8.31090247305243
6423,23.85165758124764
6169,90.2512875126823
4674,17.43742723803986
11733,31.780011103825494
10125,57.78660227273798
12120,63.81100163114853
5857,31.060815665631814
2827,12.177052923531445
8171,38.393240065726765
8984,79.1027749211141
9554,25.678265466701163
535,14.908002730459224
4568,30.545394495205358
4987,31.890424851216856
4649,26.437042260792808
11510,37.02503098552687
6894,9.383644463748332
329,22.710491699878762
2530,11.843318213969969
5101,16.371170500110015
2093,354.8372743973919
8191,300.41948566033176
8634,67.57301314330084
5367,35.32349611305607
10764,28.312108543388824
8670,22.724782321856363
1139,23.213938151186564
8123,36.59027662164992
6337,8.697718596550231
8046,25.06453264715329
10844,18.147021869217696
4679,23.78660915955893
11861,46.50643389910657
8031,34.5670263333305
7494,24.730505672206828
5353,52.82567277443674
7647,101.93788629044099
8556,33.28079042249888
11361,34.18516894780291
1303,28.66079338067832
7069,43.336197097661014
12111,33.19572145979578
2189,18.475127362426257
2091,113.93410794103048
10820,30.68334826873098
2824,28.706750206575713
477,58.21839344859409
6558,33.18197775285231
4704,48.116674095977636
2626,17.487680124548863
11849,36.47392065344173
12117,484.74206512664404
472,29.42597054991951
3437,15.777053752850577
3604,68.10356537768594
981,13.009065367494127
6616,220.67583540116212
5046,93.88876157105408
1395,56.305774001240714
413,41.4135524184289
5702,390.3229825326236
2634,43.66713564563453
2104,33.68868793874604
2346,41.82596267742438
9878,73.46758210086924
1822,31.795785331992057
7540,45.82419411697773
11279,-7.2040882939542215
7014,35.080595955276024
6738,44.90085361127422
1007,3.7437141700291505
8968,30.79538083175266
8452,33.06002976511347
9411,23.681065932502914
7566,22.770122721723162
5722,54.149917101088434
8112,33.7505268703279
8342,78.27387550279089
387,48.20992817694899
2368,43.15799021045522
5650,24.16803104646453
658,58.01811630918616
4548,33.447909774020964
606,55.834718009736335
6555,50.94389591411368
7050,65.6598162192341
3018,54.38551973276547
8895,64.74257204701178
8605,24.816681506233042
493,18.656614491343657
6280,85.51090740868992
10252,35.13336424091924
9050,49.237669990433524
6399,45.37240303819696
3067,54.68784584200784
4614,40.316799012689735
11255,33.74730278497658
4703,63.43329054549329
5077,13.570945910429192
495,27.68885787126957
1478,8.311253072594035
3458,25.167413545660146
9149,26.67264947778532
2976,29.96902999659222
614,104.24611828000624
7960,51.113240360474954
10060,27.650574963197464
6328,27.43260281593063
4804,23.565990389848807
102,49.661647366538
9623,116.57701817644457
5721,50.35812315035663
4512,32.970711942978554
5460,20.56027377738449
6378,50.30240891196626
8751,42.39951916319441
8474,6.906617112777212
12054,10.206554878833394
3415,6.7922823035339945
4468,47.60717988711006
542,34.580830224324856
11945,83.12900413641543
8770,102.31544489550015
2945,31.956854822517627
11928,26.044015646454586
7784,38.351033181636204
11592,63.51587220937422
630,63.89343081443338
9244,42.727947267770034
1851,101.5531078211703
1606,15.593146956395042
4668,8.131380688961492
3358,25.321331653012006
2843,25.302754402939666
12173,45.83480597549161
6734,33.72582915309687
2939,43.40250827431937
11306,271.107405043018
3762,30.495946039579355
4002,9.25514958524193
124,40.644920884123124
4973,122.53898434995219
11614,84.43280947006478
2672,32.01004578093146
6940,51.52328082722888
7962,31.815932875750132
11786,18.209382904556975
8331,213.54606928060554
11828,27.999103083603835
1110,29.73936054792476
15,40.879627880251626
2148,23.402717453716143
1877,22.813040923903035
8463,14.703621725606666
11183,19.091460603367565
7623,85.01631161861727
1522,51.1052696563642
847,17.02584652379851
4498,76.52605115644502
393,75.56618411468438
8325,31.749549160255352
4442,232.46182790020603
11612,88.6389863733892
682,32.72497851486434
7708,154.3463317025547
6107,27.479718838765272
10160,577.6400985883937
4689,30.272948785595787
34,27.93933413210511
10967,27.7489401923649
11028,55.1338338592531
5517,729.2297631674835
931,24.070696979758107
1266,203.49139893628248
8335,144.72425558801785
3276,36.84079876139957
8354,356.7250674226877
6676,58.23671924665038
2158,15.640159009051121
1637,60.43246070080025
11968,33.04051714525996
841,28.341249898868128
683,29.227785740980814
1686,20.270651388971835
164,30.395360108969783
11561,59.9357329694166
4240,34.16049225659742
10447,106.72981276315753
4268,40.88928474295778
1140,38.02875447619975
6289,43.86983644854139
10355,18.283574505036512
2249,42.353064232249416
12147,138.38398052229203
7731,37.66018058162917
7585,83.16094604853879
10591,51.67957826806369
1758,298.15413402997683
4467,57.438449816418185
7228,20.38078721235839
8967,29.60555636560473
510,34.95889402301352
5529,122.0900512286666
3961,39.77846008588162
2464,211.65827625530974
5883,41.59527145259256
4637,31.919817317447958
10419,66.21665493743748
4974,125.54433289833625
7199,64.17623413942303
10226,30.953527748827305
9657,31.32892484584891
10423,42.77707776825357
6449,34.89181665274644
3894,154.80196274380518
2349,154.424404138746
5018,47.345321193423516
8999,43.912772589245975
6196,26.791899017411403
6083,63.79867553436388
7327,32.42584766726952
3921,91.90369455994443
4351,81.97867853718026
5754,24.53539326889362
4990,485.44418097460834
81,26.346195283343633
1912,8.38198509308824
929,19.23695886330242
5232,24.120636134505393
9698,10.019173714257288
11705,78.22358244052171
3293,121.97264644236344
10908,34.599765057931734
2028,23.035355231287056
5926,8.129982551008027
1558,14.42060943186313
4584,220.233217726903
2070,29.79027728508704
10014,46.07269676650524
10873,74.99984620709563
9820,27.56016088983532
10568,11.213674631031925
10638,19.559276934584968
1008,35.251765418009256
2662,39.150962341165425
11636,23.60071199182905
8386,76.06810902688044
9027,57.5978229702084
11540,57.51953537995152
2311,85.14200375975526
631,43.53269471570758
3929,26.594281011975824
4641,28.606775940905607
821,75.63818364381643
190,56.41526873144338
9091,26.641174728043403
6153,28.357259026502177
11298,22.446207006305265
8118,31.815932875750132
6062,37.27524146894373
5138,102.5806214940161
9155,25.00546080876262
10791,58.521918510506815
2475,76.3860824774951
3177,81.82230725186429
2496,52.55130264903887
6099,78.63675474249047
2220,47.361556885859315
5225,12.932170133649763
10685,36.94307640580965
2017,37.16885761624604
3638,41.66946377272747
5745,32.336893909850986
2173,15.9707055614542
4207,65.9717726883954
8066,24.919284974736406
11760,21.507156696600564
2216,54.15153736560565
6468,35.70105471811523
11983,20.184857001816535
7487,24.817756201350154
10767,46.12887529404741
12122,35.38259208005406
6707,27.957662527444896
12245,103.44812071067761
2546,25.132552350482428
3459,249.02790845943574
4706,40.38942452326198
3874,125.16677429327709
521,45.98121638948717
8729,87.21857608758063
8577,29.92823105861266
10814,21.324907047730967
11704,107.29615067074624
4993,100.99398977779308
7117,34.73812868218673
6840,20.38078721235839
8805,34.57486088587367
11562,55.32261316178268
11367,30.872127571260556
12043,23.115835990056883
11366,30.96678589630463
3811,35.96368644659123
5103,-9.280660621779589
11427,65.69864217584825
5043,91.45555698881995
3969,29.09911610564062
8065,24.919284974736406
5025,34.514258047687285
11026,53.266931027540146
9490,45.42334184081017
10190,26.829954030572978
2725,25.669198307974714
8720,50.39961235018322
9848,51.701084592979974
8324,40.396601623902214
10982,25.642562717674178
2783,42.737160633363914
4857,18.730285596712864
2392,34.681267851907776
884,33.922607565336385
7990,21.194066150686783
810,46.556017655987645
5608,29.66270501657518
12069,43.532194978371884
1924,121.40630853477472
10177,73.5255126038038
2381,263.5667808081481
11289,49.992787200551845
7369,390.8893204402123
6885,27.544001360514002
4654,8.628527253630015
7678,269.6477534654131
8100,31.619046513510447
9403,41.596075801963345
10993,43.15463637331273
3390,44.91798501810721
1664,29.349608122251816
6528,17.58122618313093
3065,73.61951085082126
2978,46.5392845841256
1961,29.740828829461037
3260,134.91525714543508
10478,34.627474869935746
12223,195.17073198725427
10176,43.57371275770567
2356,104.27568183027299
10501,100.7378045543256
6215,56.6539264575605
9797,34.505644080446224
5852,39.053542463029885
10457,54.75627525419394
3983,6.981061606063577
2724,23.185579227201934
1248,30.470031433816562
7111,44.82324902605464
105,40.893883020859526
5139,355.7811709100398
1650,65.11888221041632
549,85.71040621751834
5475,82.35623714223942
1594,27.5687584507722
7668,41.712150765205614
1130,24.643470534941674
12186,30.618638042447248
9874,106.91859206568711
5454,61.43929988154885
10756,52.05713687312285
10737,392.0219962553898
4948,400.39310162878155
5158,42.063478337469036
10242,29.586094355270383
4116,30.602545910290317
10279,25.57287341146847
655,79.63496340215106
2917,38.12260584952361
5123,25.733751453248885
9903,35.1411987934624
7006,39.52575939313311
7655,76.90212732281466
6764,56.842705760090084
1661,19.638635570535385
9810,36.2132717704535
8373,20.758345817417545
4617,42.04702237778663
5411,96.68214677263293
4249,34.57090005264234
8706,83.78174586930521
1331,48.895333960624136
7910,4.8421372370633975
6279,25.697278215395507
470,36.96838898057182
5075,23.979251743934952
6830,44.80742017634036
6333,25.728752965137424
10880,52.844735944935934
3241,24.446320134304138
9477,156.68975576910097
11463,14.277078803819165
4594,71.8264988810376
275,32.002407063871715
10655,93.34335001411574
9991,97.84469302626678
9215,34.033427150343
4404,160.7181568514668
3124,30.307166737049776
3709,11.636702127308691
6310,32.4861552250367
7930,31.67807031038283
5679,-9.091881319250007
9822,39.14835727584508
2223,48.98095379425921
5259,61.00915217952908
5412,105.2195783429209
10039,45.80090044586933
8111,46.012973419507304
8733,36.08113447287897
4456,43.72432811804396
10244,33.61883104021417
8503,29.390088708391083
1811,29.608914711733775
2550,16.916366699170858
10561,137.18060877579003
5506,27.391324619856157
9754,453.4509025065561
8852,25.63285023720959
5528,50.02800977580161
930,19.673485546781528
782,34.53333508663096
4719,34.61794114317427
8508,21.938837177136477
3468,235.42536533472133
12067,47.13286042044431
6846,13.227162547071906
8883,213.73484858313512
260,35.78519188280698
8480,23.206240402456327
9792,56.80866550004406
11098,26.232267454756407
4107,24.91563861174555
11677,194.9819526847247
9750,44.7468042095798
6882,34.189467728271346
8655,452.88456459896736
7721,74.73830229855159
8881,22.938803510931166
7351,52.78130464728309
9946,44.90465035952809
7612,12.958157245015745
2180,16.7463820364536
5547,125.73311220086583
1555,18.928714520331834
9780,26.12541582402133
7722,60.702810514116635
10839,32.86789754064527
5629,53.0425442601811
12027,40.0249338277344
1349,121.5950878373043
1660,39.335747493732036
9537,52.96264884695914
4930,70.66720315784777
2977,104.81705296396748
2519,74.18031600158464
4955,142.42106473463372
9882,53.078151725010564
3682,33.947920140098546
3009,36.69422634296055
10736,578.0176571934528
11888,30.341211565388697
2034,6.4147236984748375
11245,15.647518238254563
6537,264.88823592585516
1013,30.97592080480006
5642,29.665454013229358
11417,82.94022483388585
5726,27.479718838765272
5468,99.22757013408896
6053,27.58010392238574
3279,147.52268685542336
11341,45.5688501713076
3667,47.54368557725118
9712,25.67440218485472
3295,84.37823159351244
1992,17.21462582632809
11406,59.78878633479094
12072,26.167980129459607
5927,12.391819337427005
8466,17.0767070893795
7999,57.57802199785892
3348,62.97966311202661
2592,44.22005389784011
5727,29.703438776000127
9001,45.65597082139254
6900,18.256616456690235
5964,77.10028083861232
2567,24.479609728266723
11817,48.987914201686664
11472,51.082053842890446
11601,410.1210185620836
7746,31.02596479209813
1891,26.069869502149103
1405,25.650384499327927
4482,23.751917134790673
10372,34.22220645287258
6589,43.94701295019582
761,37.3159027493181
9516,29.983114970663888
5105,85.89192678111601
7453,20.192231232553493
6510,95.9923078541645
10805,23.902798536900637
4288,95.2371906440462
4918,24.311395119502535
7394,24.69581364743857
3359,33.947920140098546
1053,6.643389165497389
11485,50.148082465277184
9915,63.138313604315066
6296,30.007469728141857
6270,53.87275776674592
3915,76.39330085393475
8734,17.23578071838296
7089,53.81237874154604
9009,31.67479818338886
9161,9.097520098381914
2526,16.259771065423877
1624,25.9669747209238
8248,265.4545738334439
4128,24.73372975755816
7195,143.17618194475205
4628,21.68740091043541
10255,18.526729864511072
8091,41.52210033843945
256,44.68993261320074
6530,19.2966235043016
4101,25.48358856200995
88,2.670797166553008
1696,35.839458192000045
3342,11.698754587456378
8826,205.75675056663744
2909,30.020048304786698
9812,28.67085333980119
2325,91.35899081699097
1589,26.754404817326694
5265,80.86365250606048
334,11.65007078922039
1622,22.741183873524783
1991,27.035803908795124
10170,129.1718840146496
2162,9.881660720759562
4954,49.83923047327203
10288,58.795229108971114
7554,36.40149731912034
5863,26.15900861466279
9129,12.147012351114512
8250,44.03989848254138
8291,61.19002185975835
8014,22.820076725612886
5559,37.398753478709374
4140,30.08416948306621
225,37.45635241795191
5304,42.23580168031621
2280,31.862733845032118
11878,25.739450606543432
2033,15.00013476155413
8760,159.66233386206352
5646,24.08084365298868
2001,76.83742329075915
10096,34.669725665744764
6392,35.18427905076301
4205,25.39858774505999
3883,53.39479989097011
11205,31.59123180129592
6594,41.623052017524785
8890,143.74251985234076
3457,24.637034887346843
6412,36.02393871406118
10316,39.89356045231353
6025,86.670058832504
7071,233.40572441285394
7671,30.928220439206612
7710,95.52090909060186
360,83.31778343894501
4211,38.58186288048521
8328,730.0994272064099
848,96.72590265896214
8780,72.9012441932805
8864,41.20512985053473
6994,47.86073970183266
7221,50.7356817554158
11676,357.8577432378652
6903,31.54644242293821
8375,86.07724531627865
1474,2.576785606708448
3844,728.5891927861733
9945,38.22903807694618
8371,37.79908638198406
11345,34.22468693514678
11848,54.6920764044262
8520,238.11801579624026
7924,52.97008394981267
1792,75.59004641837568
490,48.478399362490805
691,39.35919430439539
12185,24.07147932610864
11399,25.855236343925007
9046,53.347642554871825
11175,77.01200553952833
9835,33.6358268626308
6688,62.33962264765532
332,30.019127950746846
1826,49.61221217803906
9353,62.86710511850063
10173,104.09085591425273
715,26.792531658059275
8631,65.12180172669892
2812,31.35347940985922
4609,395.1056285436731
6355,58.08977261202473
4878,32.32176438086237
2649,83.43950076931691
1449,22.570609232752048
9105,35.47628528447858
203,34.55801464628387
574,112.20260290122414
2556,25.669198307974714
8724,35.67072667683406
6595,28.254387661562426
1639,48.08557478404669
5164,17.80890324716408
11480,41.03599381336974
10973,37.21128913835186
6388,31.152724119964173
5595,91.73578960417834
8939,58.9918364567687
7272,24.69581364743857
9438,136.99182947326045
127,5.338319205386156
3663,83.52108815794189
7044,8.474396271430422
11353,24.091577839430215
8412,27.273016358138307
11611,104.95113526670272
9628,74.47603771672877
9854,25.60164222187087
11980,41.224773115899325
1986,26.447428107208264
3108,71.01345116798471
10346,27.48046373236984
8666,19.05218118663906
7859,92.39945350146783
7594,70.03147429870255
7386,34.963686233205095
8846,44.23420458005987
1070,89.27104166901132
6942,48.87179130609595
10686,15.458738935724984
8530,53.559400589248725
10538,72.36621688061398
1626,22.457208898392583
1976,29.618101279810176
7759,729.9848803776018
3224,30.229002054425187
302,31.915998349578558
1849,85.24095892785678
7782,37.5101734706532
11328,26.017268765145623
156,64.02528268934446
12229,75.0423756243175
3052,70.77069963623664
12164,45.47098826711682
9101,44.81373296118929
4860,30.873504644638516
6829,85.6996867112195
100,135.148436645225
6545,31.980265854053194
10747,129.54944261970877
496,28.580001385588808
8104,35.75061695835174
3818,43.00311643754793
11794,87.50188394407382
9647,58.33313920797724
4504,48.02613685089018
2583,75.95971324885629
6828,25.88605751792508
6314,29.36243049858248
2146,20.932283700317093
9444,64.93135134954136
10105,25.402298770695737
10896,22.13488281793538
10922,39.04870633500289
1459,6.03716509341568
6654,44.43426043742762
11884,7.141741615561571
7143,83.14376236957133
6114,485.8217395796675
8828,148.84755830585226
811,43.411164487971824
654,88.04007800173484
8979,92.777012106527
7796,44.811819042486775
1926,77.12652032225382
1481,15.02193654273226
10131,35.146923496787174
8158,38.70347871002735
465,84.85995977130501
4457,40.57947495002814
4744,36.972134007177516
58,86.25424700696928
2125,14.798168036922288
739,79.78410992302753
3539,35.81810332559799
8757,20.37448088142309
2565,20.916927710368917
6061,37.09384267404043
10464,31.683337649324926
3675,158.84771889037256
10884,65.50986287331867
7038,32.50315104745332
289,31.249686176319717
6666,101.56032768538182
3446,46.156224663742975
6714,129.43497408602389
1999,92.94486505840618
1727,33.19280292998023
11913,19.370958275819955
5426,37.1609133097071
6010,30.75077709498765
9984,263.79550594088033
909,15.23849468493254
668,46.023585278021194
1196,22.769952683927183
554,51.53396947866326
2324,117.75385467039018
10066,29.79433566813431
7777,52.757516791096236
4097,26.677485605812315
7639,77.85517227876204
7214,79.01431334754962
3032,32.21781386863406
8124,26.914125824781102
1995,69.85734286202496
1146,112.0033740618282
11900,29.32039584122642
8500,49.04889068790395
10114,17.454265694438657
9939,61.64670702676453
11881,24.14153184331994
4187,29.065734723531516
4622,33.14228164739286
4025,24.825814189876425
5386,50.002070870213764
3318,29.78059387395445
6386,31.048621845018026
4514,42.40253816900934
11243,34.003926277761366
9052,33.42377394700842
4749,23.285319673658904
4446,109.37091336328047
11571,33.0069421572662
5363,29.96296019380531
693,210.6498735618708
170,410.7472342908024
11896,31.155565198834203
3026,85.33078306228484
11290,34.17889115712674
9061,250.91570148473153
3734,31.560361383851593
1762,63.77202319393831
8040,30.405763929341923
4783,55.575483213179986
3475,104.11279223126908
6706,28.850439155486413
9031,39.51224506894565
6033,48.99782229616663
4536,4.628373361978731
5223,27.84897199299452
1168,31.873576127886935
3207,27.59816920197398
5147,50.16934384782706
6119,109.93725127086918
11097,29.764622081799057
10214,17.252298969806816
514,94.75701826252339
3494,22.85191912940144
2109,84.18945229098286
1238,214.63810565248735
10189,27.934549938329663
12032,19.936835539644125
1786,108.42701685063255
8447,34.29216706068561
1694,27.364571610531083
8832,87.69508986074132
11123,214.48996579325342
1562,70.89179460695127
1526,29.550581245395183
4998,96.49336747010335
1086,19.827414873064964
11134,79.21777201543878
6497,158.9072166519452
2871,23.87917562932829
6575,86.85883813503358
4466,61.584505437537004
1595,9.504102115700405
867,44.35164711051847
2029,34.11138686786596
10754,54.314517799367046
9123,20.758569140142228
11079,84.46521748727838
6043,24.533253731990193
3641,28.876955421001938
5803,24.16416776461809
3597,99.70726274263322
3974,23.514505745399944
11154,74.66481701925835
9696,26.424260989306518
2849,18.663906664955835
6870,36.95077914077547
585,74.22269931098757
1689,19.52902924199488
1047,22.551329875878093
6453,69.65391569364338
1035,22.987960319327918
9242,85.40888118323768
10826,18.904288469570233
2816,18.681996812316857
9169,37.46268270847644
4600,34.443805148864364
1709,53.788196659570794
11808,-7.015308991424639
3780,157.02118290538016
4672,23.873859688702257
253,42.95970924810384
8777,78.0441773512602
3361,26.40550170944624
1162,35.06265332000144
7794,24.173374247108494
8458,27.547016227529717
9382,94.05585672371618
41,28.580001385588808
11886,31.257118664394966
11499,38.27190146300428
11690,49.01093510807852
573,103.6369000132072
5231,25.009222241672507
2806,25.3348645943828
2958,27.93090951811982
1535,42.919627151044565
4852,40.76825425255772
7574,40.27731101815051
1296,23.21179861428314
745,35.67708915799512
10139,85.70485239967186
1242,41.96332615471601
2295,26.027943104387084
3636,32.14563412504721
4737,20.661705057172355
482,38.64946006806344
8346,21.297025631568896
1244,60.4129741856161
3665,40.84015424247424
1166,19.71780854452446
7371,269.78594992531094
4685,22.999917296599158
999,28.49723530790522
7246,44.66822463069185
751,222.85410775043712
2622,4.062035454389999
6300,22.392564116664
1311,43.598579941881496
10939,49.99781651013571
7846,30.45855598611844
5128,408.7557424687461
3670,38.59509238378849
7331,85.9916495238372
9651,43.93481540308242
9719,24.88771032189495
5567,155.36830065139392
9613,391.8332169528602
16,26.223247037817764
5632,45.163950410488006
2513,108.80457545569172
2524,43.15799021045522
610,266.96480825368053
10409,9.451437668715077
1929,60.947884375085785
3006,54.1959671962374
5342,113.21028235072728
6213,18.620355939726338
1560,393.9729527284956
7667,44.857003933221435
8334,263.040388730762
4797,31.748033837335008
2756,55.203255291458404
4606,25.130940307806767
10005,194.60439407966552
8871,32.61375300944925
8241,19.86296141189034
10949,84.29362186371628
8817,62.57197569672633
4447,113.5958779351244
4735,29.254514026061095
1277,85.34860371479695
10557,284.3296647778732
10439,234.34962092550182
12021,7.141741615561571
712,28.110513163547942
7528,31.530282725023334
1122,29.365493559674416
11773,3.520564836806166
10293,63.26415023874394
3737,232.27304859767648
1501,23.88191767722853
7274,29.039218458015995
4666,16.070449541392325
10556,402.09211535154776
3805,73.41684718084454
3234,34.78234203244995
7682,102.54710455724002
8869,49.94171880881453
458,35.26076129056454
1307,69.72330664519987
6477,24.132328297437542
10546,32.991311614508405
4560,51.77344104704649
8189,32.88070965251248
10118,3.5005373187756845
3054,72.00473186739644
3835,44.164917849470235
3398,37.54641622130519
7521,42.52011516105318
10002,38.9739781032535
4926,30.082068279450233
279,26.80074489924857
1614,24.02973924237121
7163,22.9259487223846
1740,33.216595743949526
5449,31.285469446005106
2739,35.190800378058334
9653,31.142307051356887
11507,37.40006844088144
11215,99.93515080196498
1860,75.85937735155947
10085,53.946907359561614
11509,34.01338546768996
8841,61.08036911917579
12047,88.3512519027581
7330,18.9979145447855
11939,64.01926744886225
8947,77.48268732125186
5623,77.97009910593664
3438,-9.846998529368328
2142,15.829443572151984
5371,31.936813139864586
6383,21.337649293301595
8402,48.92863500481711
2770,18.56353783980396
2211,89.77729466096977
4076,23.096540371129326
10798,34.035907632617196
8748,65.83909633237832
12200,402.8472325616661
6284,72.59080832971748
4838,105.03079904039132
11060,52.45413033435032
3713,298.90925124009516
4526,23.790472441405374
10528,25.64473046184672
12097,69.97531167438359
8169,50.21083304765364
597,33.51641488005262
2352,136.87012918922642
6756,7.924958118711473
1512,234.670248124603
7409,21.304330485613466
6797,26.300089360837624
10527,25.854708849697246
11232,54.930337285476895
7966,30.45855598611844
8580,34.755805635860085
11844,358.0465225403948
6214,85.61409091877803
7306,33.91460845562645
1442,36.79129901118687
6629,122.46760983372573
7215,73.34336190155129
1884,20.202684546296627
5704,408.94452177127573
5741,42.42458098284579
3486,28.94832156588181
6957,35.373058353292585
9283,36.269913775408554
2932,450.99677157367154
4750,12.011727173464216
6492,31.36285970642251
9313,56.764418169833206
8223,106.16347485556878
6893,17.480939981690835
8514,409.8884182839236
3115,45.57721257720628
2247,31.768075519988052
12260,33.32763557752304
3147,30.847590038875722
2720,28.576275317445536
6263,102.95818009907525
11002,160.41745107218182
4664,24.53646796401073
4048,49.7917852427679
11087,38.41781737947576
6364,100.6511592552811
2782,51.00649523429669
5903,17.860263211818754
11622,45.178101092707756
3377,90.8892190812312
5739,51.95039174694459
6951,31.237401147547605
3821,23.568158134021353
5801,25.300067665146898
5021,38.425496947367094
12080,57.7083146824811
11754,69.4727666819732
11231,47.560895253521316
12215,38.31744039099475
3106,74.36909530411423
9442,97.46713442120762
2572,29.78059387395445
4241,20.472925754642777
8217,102.12666559297057
2291,36.81568568473156
4496,101.23121192238575
9399,41.659563163476214
8487,17.50384631528749
9734,56.794447601019755
8319,45.67515226970687
4567,31.913539526771793
8940,54.37871664913478
6075,143.96913837789953
5110,41.732839762388586
6763,85.80287022130761
6539,43.47356057495264
7204,33.78929613269933
8021,29.019756447681644
10581,124.2379980727184
3910,30.495946039579355
2444,38.50880859860642
6496,12.472987067340103
1796,69.81647946776006
6318,34.00068842574177
8064,24.919284974736406
419,45.75109167778184
2769,14.79354392846005
1831,155.80012705838976
6681,31.43984255222725
7688,113.13436687191898
5024,25.88766956060074
8926,486.7656360923154
9038,25.55239979467828
6863,24.04043688377722
576,116.42756747306808
9993,65.30890995460051
5647,26.60311971488182
11001,14.300695177005604
6911,27.854767746219594
5112,34.81370376314028
2521,50.43524148959646
4171,451.3743301787307
1951,103.89812322521382
6019,136.30740819446666
10585,74.28725841419919
6073,283.00820966016613
5496,24.134496041610088
9667,30.690780756806227
12135,29.629342417314426
6172,78.15887840846621
2540,46.5902039833052
213,25.550798109934924
11683,74.85359632178792
11822,30.52276452356856
12246,140.07937733222926
5087,15.422299071548597
9962,41.15171883402053
5826,51.145722222169724
8366,45.317579556386924
1259,31.955718307747876
6527,37.538471914766255
12174,39.3518137967691
1498,27.359647482451386
5740,43.68105714601181
2163,32.67923330803471
7734,40.47529885250924
10900,217.94613054415044
5733,395.48318714873227
241,21.772785982806806
9131,28.376499328578525
8685,24.606774791365957
1809,17.59760978153539
1062,60.62124000332983
8935,77.27968592787383
5656,2.1790822010686313
4820,19.053025763716036
3285,31.176123178672007
8094,39.32722254472479
7420,25.854565399816828
10654,79.66911282870285
11039,32.81816285473662
109,38.149191903679
1537,40.450695256281534
11065,32.449790817753865
11391,33.05667684317484
211,38.40004852106118
9948,46.54335995490355
8299,40.664078155038816
9845,66.79249203441158
6580,60.32525190905747
1972,91.3373566523557
10051,49.30619360987627
3949,76.33727185391544
1565,39.18412319751226
7979,24.696424177317265
9508,32.26101151522428
6339,18.067837154160653
1065,29.32905227294789
2079,575.1859676555091
12220,39.54031601084224
1219,75.77882572090526
1417,16.83706722126893
2298,51.88177626178885
8660,45.290301299615166
980,15.138120095734482
5373,31.936813139864586
4149,68.2923446802155
3785,32.52205621533661
5171,19.81444930476965
8880,730.2882065089394
4733,30.683257060572657
8142,56.05354828992574
3508,13.575403275082866
10161,391.64443765033064
12078,76.63997969129451
3043,63.951303307082526
3334,57.10404343147291
957,33.49990863621647
6743,31.195482426595376
4986,36.66641056680659
6776,16.90972956802805
11441,35.82978593594605
7292,45.73028831807674
3705,15.536766995616748
1076,49.82426710446267
8326,29.297182924740195
4300,52.86848222889815
11135,11.591233236091085
8611,8.908740795852335
3514,15.175726641981448
2676,20.479494551553962
5780,25.198001544202086
3988,-0.16089237139068047
7432,41.480478214679316
3745,104.65324043533215
5162,10.506577747994434
2506,18.870552792121753
10739,410.1808963832137
3784,26.797652879370737
790,33.78191463223934
148,23.688742694556808
1321,20.673451880576216
432,39.61504424259163
7091,44.66822463069185
1060,35.00855177559191
3121,18.163947689124125
12161,57.82933700665659
5328,47.294401794243925
4036,235.6141446372509
1315,35.95378635123667
1706,104.25071505637875
4455,52.86848222889815
3529,32.764723042333706
7479,17.01434605404022
3182,72.18155242682505
2949,20.83698929656057
3057,45.34587522560519
4410,63.23233762677514
5095,38.1907899512386
2203,60.810019305859406
2865,15.923596636624769
11202,29.048411944860348
3612,40.01186591820282
6651,62.646898097851995
8643,41.78987842661656
1731,67.95490197087717
160,44.5457397519292
1341,19.220453303743525
2985,32.05151314756169
11396,26.139211319057207
11811,85.16241368951566
5104,84.19461797943522
10430,13.605662882517578
11072,96.65358490577933
7441,24.2292161863068
3408,34.48894547292512
1615,23.403792148833254
9781,32.1971830976181
2099,33.264672510438885
8130,31.442065887499787
4084,28.61420842898086
9135,27.182602284776163
9310,78.42151018635079
3648,28.1196888206494
10954,36.40205107298308
1087,38.25639727873764
4865,482.2879341937595
1236,29.92960813199062
8295,44.14953314940977
6146,24.14667470999239
7435,32.903231817439725
3517,239.68286435188406
10285,25.485622882325146
2810,28.2366498239217
6551,32.88810228845111
2367,45.3884332746767
4841,75.95823081016677
1134,53.976975962100376
6985,17.33967799238862
4395,219.9207181910438
1012,30.407970854535655
5359,36.19532913517891
6886,17.58283335186318
3088,27.72133489829983
10963,51.15472956030153
7849,30.4178222266935
2595,43.05182731209518
11702,116.05000886800892
10902,61.52972560278474
12084,235.10473813562015
10175,106.18936455909446
7465,28.604089203112835
7381,356.53628812015813
1685,29.550581245395183
8357,123.67166016512965
840,27.151425432720202
9830,20.172899399416995
10734,27.621544478544678
6519,68.0875186490878
10853,26.999081387913108
9314,33.448154409147385
3895,109.18213406075088
8378,156.3121971640418
4519,29.32325805354843
7419,42.81859554758735
8811,36.757840179733144
6895,36.3118077617625
3007,25.106029956950792
200,86.53486719616801
6536,269.2701948603539
4408,95.76812069844141
10389,54.426360815593796
1568,42.17082272577518
1712,47.684026397358025
7923,52.90611686222397
381,33.229296447789544
3971,29.134478751018847
11967,32.9405016312175
4760,48.816702212535496
2010,51.90986844500363
3608,50.39060501205141
9883,59.55817436435744
5853,18.108284673991164
9869,111.44748569110584
6512,97.0597053776921
11348,23.95275254079036
1827,34.30370924684862
3189,42.346411554764074
9395,46.05271087476603
9020,3.3117580162461024
10270,19.200512969338128
7395,27.179432728211346
5124,249.59424636702445
376,43.111333544323614
9071,180.25091605782322
568,15.543679896532204
7004,38.99183485495583
7249,31.62862185475683
4317,42.71844336483433
4387,27.97572780703314
9598,36.438485012184884
1344,36.14228856530981
76,31.930805643584307
378,41.84320402679965
9414,29.198284174210322
10257,27.37138158730574
4988,10.974653942787228
9588,18.042405383205526
9003,30.798129828406832
3857,95.57934139591183
10975,33.824606165160375
794,30.248837351583035
1645,89.39973605591061
7998,88.98999787901266
10061,28.482074037271612
8573,20.56978983761265
9423,29.60555636560473
8490,-8.14798480660211
8690,106.70484598926328
7945,245.69574945158914
12208,124.35540285902152
8092,42.70889446358275
2019,30.983457437288102
6123,76.33578941522593
5525,135.6703743555534
748,38.600878018568395
5165,16.881112734323583
4170,34.42916184064469
4091,27.660730038023495
10000,37.84576080845007
588,60.38752404819736
5473,92.73440160600911
10763,25.828489462616044
10135,17.881404920346647
8784,52.511813817421825
1022,9.692881418229984
1,21.876598032556267
586,53.833268935128885
11416,74.47949290854555
4953,135.48159505302382
4314,268.5150776502356
916,73.02264135291824
6327,17.292160679161253
5387,32.707612113260126
5586,76.3500115060744
4659,25.10441791427513
3357,29.995659884869333
1934,52.17374404397971
5699,25.922530755778467
5091,56.276367852501345
11520,120.77432351086344
4151,54.15684649590669
12,49.79945212630805
5438,482.47671349628905
7064,77.66639297623246
4646,26.78888415039569
696,29.66835171407933
6216,69.02777033992398
7383,72.77039539368548
3603,63.42278800393271
8358,126.67700871351371
7210,356.3475088176285
11563,48.408902115149964
8543,45.37375808392909
8707,64.61281611102888
8420,27.556991333270503
1789,112.6519814224765
290,31.344344501363786
3123,30.175252619322514
10467,32.44060424967746
4109,24.63166363661335
4808,118.50897188050848
2377,30.118387434520198
7687,32.35782445911235
9340,18.525122695778826
9857,13.79444218504716
10309,67.95057174836
4221,112.75849127194653
12042,36.80340249201153
4470,92.09247386247401
3407,23.412913836346217
2714,72.02190678384423
8572,33.24127243515501
2192,22.83476750345174
6440,38.72882307870464
1453,22.6577966262279
3799,102.3082250312886
11752,80.046671433762
5555,44.05670183236846
11819,35.03051462140473
12160,79.44618409962148
4589,114.68922515114878
6939,55.10074300855459
8686,13.33318229117127
7447,29.74688424415833
5513,39.45270511125432
9141,37.066924971880816
8436,68.34009086679572
1222,66.57728422885117
12077,79.36540669899867
1940,18.492994187062596
9446,58.03364047992358
2616,-0.5384509764498375
1125,22.341423161011008
12191,29.656676250211106
8032,27.998940723519368
4592,104.49035083632825
2979,83.33230885541232
7389,31.627153573220554
3170,94.01067467036523
5447,50.93366729574612
5228,35.74546985417376
3029,7.186086038360131
4655,29.27308811416445
6805,220.98833493702134
7709,148.15252601136424
1218,73.99153669905508
8532,51.30201966300453
4471,91.35823099911917
2438,43.900449719489444
7286,90.62884611774146
8925,86.26602461880823
11505,35.36679924602198
7055,41.83318125560567
1371,154.23562483621643
1129,37.8267456703669
9960,26.04348815222683
11201,28.216912870786203
4133,57.33465540190642
4121,23.30644708599641
6418,37.538471914766255
2097,51.48282826142336
8964,18.99293902699623
9778,32.607120390566486
509,34.390944072749114
5894,113.32482917953524
4950,261.9077129155845
1528,25.969484418528637
10241,25.626104242816105
2590,52.09864774753321
793,20.753725923024266
1064,48.27435408657627
377,23.414221621126966
3739,109.18213406075088
8214,486.5768567897858
10216,396.8046422664393
8429,92.58823280399741
4388,29.893288976920655
12037,57.21643603671066
8218,110.69236848098751
10945,6.764183010502414
8148,40.10532680402512
2695,108.95929269274063
3704,34.38212075011276
7078,97.24848468022168
5033,28.284101247897674
5693,28.44619219574319
2270,30.726833944503312
8105,452.69578529643775
5451,32.51054368339195
12058,34.77011472048394
8457,25.024740165636576
8715,70.4090329037617
5767,29.078992871008836
10328,116.33657353705632
5723,31.060815665631814
6866,22.44251812055373
5816,72.59169988324976
97,8.228072230484266
8210,68.67620649005471
7918,-8.336764109131693
6954,43.61412839440233
35,21.555813043705427
4941,28.16450710956272
5868,37.34969261223668
3554,26.411325545336528
7828,77.1051287161927
445,35.92336956587301
9121,32.86210178742019
1710,40.08503703235593
2069,31.158422316653475
6728,44.08649997782872
3290,355.0260536999215
3284,46.970137532432815
4247,18.096327071591624
8510,26.86642726842636
4559,73.96653786556612
4034,236.6077813760036
4909,48.620263691107475
6607,45.10881436211813
2433,35.96116685886296
9228,38.48236842741415
3773,43.69057321087717
398,21.66289544383884
6109,37.587532781238956
5884,49.19426081759465
2653,32.881571866432225
11654,24.348638660451158
10164,270.5410671354293
1061,22.05602078395126
3425,55.710029944912606
8330,278.9865071923273
7513,67.19545453824168
803,107.67370927580541
166,252.048377299909
3248,19.90565271015617
2224,39.63430731314366
4017,32.38760438599062
6369,76.24691701641049
9503,49.044334916189726
1421,90.13410187111289
4274,11.717869857221789
10083,85.31035049432138
8277,100.17146664673686
897,17.110121519489706
5459,32.804419147793155
8868,56.69666119147911
3531,16.207002177211145
1675,58.320477459781884
248,397.7485387790872
5064,38.112754128893926
12057,34.20216477021954
4912,42.91274946235281
4892,147.5261031881452
1042,24.448200274709805
5790,16.448008146451482
1308,38.93977822017979
10948,115.02384290230145
1576,22.15264385848143
7711,99.98268734420728
3944,70.4236807696137
10338,44.80719516513394
9876,77.84602383546256
1841,203.3026196337529
8344,10.647336723443189
5582,17.203667578071773
11156,46.26147606903482
11522,86.33776673632433
11855,29.55629116659064
246,15.5065437922982
10381,39.26981661761609
1653,49.63548780193309
7747,30.548586405974113
1739,36.127888435371815
12014,51.27083314542003
192,29.745070469120222
6686,77.33719736658264
2713,71.26016097344885
5369,16.103104903205484
12108,32.43845485944324
1142,31.57929621745847
7247,41.52337146267604
10172,116.38823887391499
6481,119.07530978809723
2858,21.889081097000094
8973,45.56253738645867
7768,143.36496124728163
5503,29.793469195855796
519,52.456201803098295
94,7.271283597392845
10026,157.06731437416013
7856,98.8024749867875
12258,43.22238518544225
3506,11.501788282963947
5661,8.263814411359938
5773,26.814600865851965
8753,33.840287928437604
7238,97.24848468022168
8399,77.90353527417139
3258,143.02524186525164
10552,730.6657651139986
2853,23.220271251970193
8996,41.47747380864783
2545,29.806880582339755
7815,105.9746955530392
11944,123.80752481370061
9802,40.050278196411696
738,98.59981023638511
1225,50.246462187066875
6529,30.55066183414745
10878,56.98322690354934
5198,12.200506475993794
1579,20.554725095257936
1743,31.684796825357356
5303,43.29696074489731
3941,17.780963733916828
9783,18.472353807566094
5675,9.821487492830666
6836,24.318865572258108
6841,12.634464098141422
7643,32.881816501558646
5819,73.30083248432942
3545,27.509522027445012
11946,74.66827221107513
5263,100.27360065022195
1314,35.772387556333385
341,17.544079105200925
5786,17.879057851631075
5311,25.970229312133206
74,31.966168288962535
7905,86.18042882636678
5074,35.646380109002024
30,28.87844645097756
292,19.038186454583546
1231,16.070991762894298
4740,33.14228164739286
8416,25.073372252497727
6891,10.49911851295468
3728,11.846564244121076
2694,248.83912915690615
12068,34.972963743615075
604,53.79072508319126
7191,144.3466969829587
9204,36.128175563410906
6997,41.97283005765172
7241,75.69055042182129
11401,27.187860690442687
1120,36.02823749452963
9033,34.95814419425759
5264,72.40292058072018
3900,104.65324043533215
2647,7.023105947045565
6788,33.33150089863852
7968,27.368212030740928
10988,86.14898743379476
9561,32.052356788448016
5227,16.914602074102095
348,59.73912562161901
6138,63.923559624674496
10374,6.386624405443257
10420,48.572635187289904
4356,59.57013469893916
12086,103.44812071067761
255,54.21574337729954
5540,36.75505626053488
11950,66.25447754187638
5994,33.30601975222869
4215,23.969055361304882
11997,33.173458298155225
770,80.90210637284541
7053,50.5684087778025
2446,26.932932543855372
7434,34.90994737688984
7454,29.550672453553503
2665,73.4001999579774
6258,236.36926184736922
5713,115.06678375620794
9079,74.0984791116696
4566,32.576383688520195
12090,97.88010087946029
3208,29.515730371861494
993,50.62893662923753
2995,47.316392927333496
11246,31.58860968390338
1842,185.98876321585726
9813,19.37049763205539
11815,37.00482291977362
9642,45.94009599151783
5182,240.24920225947278
6508,110.12603057339877
10275,9.830394411727706
9461,66.2259370880181
10768,43.65994339928438
5532,63.6098962318343
5572,96.68214677263293
4439,10.78587464025765
7564,24.2292161863068
7862,94.83265808370197
891,6.2259443959452625
5493,43.56945434513666
4397,277.66505207462023
1217,75.01433429751887
9160,25.100119133806693
10554,279.552845099916
653,76.43731602131781
1549,18.492994187062596
8915,45.5063588589165
6505,233.21694511032436
3330,75.39189290257804
2081,407.81184595609824
12104,46.36723835345806
4472,38.23671764483752
5990,43.28478127242306
8526,356.9138467252173
5738,40.69435761774889
2711,41.30836112735072
5724,34.82136375392352
9473,12.48488836302386
3134,24.048149369575018
600,27.93933413210511
2326,83.31729789585106
5179,15.742064549570184
6446,48.449068742510974
2525,40.0131370424394
1434,51.532309839944475
6522,58.23671924665038
11045,103.6797803724175
11055,36.05958379989379
5117,30.734173797734933
6148,26.265228165659902
9147,25.44209125221245
1089,29.53838742478139
5581,40.9570335550873
6041,43.758233647666245
5617,70.99001867720244
1649,67.34844816756762
5126,390.134203230094
4238,35.81777053011975
2777,239.49408504935448
8243,31.874266342088724
9997,22.052142841687214
10623,78.65865248428969
6101,72.96580329649214
11810,88.15727841147097
10629,94.16904619029938
186,75.23115492684708
12095,77.3895641445875
9331,69.03141516173571
10048,65.05623543985197
204,262.3686148018076
6556,33.46595272798451
7609,36.07861332317439
1136,47.8728056998876
9933,104.57357666164356
5807,53.20414736198983
8870,45.863931572236446
6739,32.49369185752473
5670,38.379569253768175
1472,20.7521094695718
2975,22.449594824414486
2278,48.06158500241718
9259,39.08103731508651
11515,10.017775576303816
7675,31.68548703955915
11355,6.952962313031989
2108,24.37582309768845
1439,31.83803612780108
3814,44.2780083245486
5910,37.638122855608444
3332,71.01345116798471
7414,17.025913121030275
9406,46.16580134984439
10891,32.55885626525466
3047,42.771968246484334
852,100.28731540973786
1252,30.15279363082763
11111,57.45177840159742
1426,76.4598646857
3878,61.703001585204106
2041,4.830044784951838
6155,24.31825504237941
11362,18.66062784952439
1108,41.103125865138736
7003,33.27830994022468
6606,49.186601598696214
36,21.87643501735889
11729,36.779609678042235
12070,45.7924370869576
10683,37.534173134297816
6542,33.81974367575535
9635,28.9899532590019
7582,39.71453869566269
6346,27.665988443690015
6742,1.8215511140399556
12123,46.52226274882086
5402,42.769859190072275
2746,29.78059387395445
1467,16.921342216960127
1034,15.972930830287531
7495,58.0401118988528
11555,77.20078484205791
6980,36.21271801659076
8002,43.1796981929641
1188,63.57374470202337
11649,41.529277439079685
2443,21.415714302147965
11765,35.42484287586308
11312,129.73822192223835
10570,53.51263400121456
1094,19.114413977462114
8408,24.901791920110707
3804,85.01960916126157
10801,31.51770414837849
7470,36.50058706429208
1885,20.484672578046638
4183,42.919402139838155
9220,22.91356162438594
5362,20.850484359701934
561,20.3391529867653
1918,35.433601142827825
697,22.158821576445412
5584,117.51378181014923
4417,35.67453015558064
318,26.516769924116367
1698,29.176714257144837
1313,41.33798907271654
8479,69.78288755004229
4313,215.39322286260565
10574,37.6569815059205
1058,56.579538191788096
9080,53.74817989177831
952,51.294048958893775
2927,37.06665829734238
5817,81.05243180859006
7814,97.43726398275126
10867,32.34952111342116
2038,3.873256151860417
7275,28.146441829974478
3947,101.04243261985619
10185,28.801173956472326
10766,87.02114182892655
6420,30.875727979911048
1262,29.429321977280594
9223,22.171939477408987
8283,87.50631055821174
6550,34.54934937965715
4429,61.89178088773368
2569,25.370753242585963
6160,25.697278215395507
10499,155.101448912673
11871,42.99071263491595
7836,92.49090681429665
2258,34.70248359635413
11140,37.93988178593559
6689,48.36229709722837
8539,25.073372252497727
11494,54.99269872318253
1360,26.158263721058216
10266,26.51945666190914
3932,23.563137832261095
2499,43.112805319720565
1882,29.484197529900403
252,59.088256418095554
2597,44.933672006944555
6056,23.774971197099617
9616,246.45086666170744
79,32.80747399856633
7020,53.4824643029459
10371,40.67166471161386
9179,92.04264629132473
106,46.876383788637376
5501,21.52413966400368
4810,84.07241510596938
9644,241.948215982239
7773,78.0850962002613
11661,52.10458210362698
469,29.053016877134603
8072,62.6978123311552
1794,73.8027573965255
9178,73.72437569842724
7340,3.639305482619939
9777,30.38504045100435
1705,24.454691232412095
6390,15.572398401565248
7140,82.92257504982815
943,177.79678512493868
10539,41.582688455593896
7156,37.471401279099595
8788,45.23456253828059
3039,117.94263397291974
6838,21.115551183083888
4051,28.953833922504693
7867,49.15881266606766
1554,13.102863812814412
258,36.60896109965606
3767,481.91037558870033
4096,33.24557121562345
827,91.14857734982613
11029,48.22012281262039
4336,32.42686054273399
10300,82.3738869262971
5715,355.9699502125694
9469,48.2558178979602
3035,31.18169592974627
2981,38.76707659791388
6443,113.51360848206483
7425,72.96836693477664
4889,187.12143903103473
10615,45.61212114333975
3756,40.39069564749856
8081,74.05594969444775
7229,11.729771152905546
3227,72.10389360001989
9977,50.50805671640327
3460,575.5635262605683
6349,8.153623585734017
8719,56.08376022153319
6194,31.006703124065794
1848,100.89667048818924
7761,278.7977278897977
11251,26.055824071760323
1014,15.451379706521543
1862,43.40980063935192
8806,34.24991626487659
10799,35.21885397521824
7266,35.269375257805606
6890,28.415309900583257
4282,485.25540167207873
7877,44.75084103486139
6121,105.40835764545045
8004,41.6692575172089
10263,37.2557042744104
5462,25.88766956060074
5996,31.79148655152362
8787,47.46500560250207
2150,35.44054472053883
5220,17.01649544427444
856,76.64864398822958
6190,32.304912554995155
3879,22.85191912940144
6972,30.00963123617941
7753,43.22578209801233
5837,30.859842542488447
10860,59.60000703226136
4259,118.3201925779789
998,33.022154351594054
8272,408.91411027318446
1657,39.2567487080845
10169,180.43969536035277
7068,32.693037199029064
5652,13.75972521295877
10580,177.4358139046549
6336,16.63678744898106
2318,32.029034566104485
8894,78.46265480532047
4680,23.78660915955893
6142,47.72287979848268
3790,186.7438804259756
5376,23.754769692378385
5306,21.59210650667889
3083,37.95630556768254
6199,24.35681034899411
61,50.669047086304296
7795,45.12880025385734
8540,27.556991333270503
7379,128.4167668045313
2363,51.39112634137555
7040,8.507541156067184
7410,12.823243400671
6703,30.080997381059284
3056,49.414772952941114
8860,31.403523397157286
10712,26.118737702267016
3478,51.860386866482514
1096,450.6192129686124
3477,72.21068608637381
830,22.636440289755758
9591,87.59094050388222
8785,58.9918364567687
5315,30.908106667800276
2718,53.20602058844054
9563,21.7595707214741
10479,45.767145538702536
10723,36.701496788436074
7252,76.91634941366311
5209,32.10859661997753
7448,24.870987032697787
892,30.538054641973734
5144,52.42672477407125
1156,68.14368127340676
2422,71.99277312429547
7173,71.42232036796608
4055,23.563137832261095
2601,37.35763691877561
7112,32.169045156582776
3480,49.60300594023832
10691,9.246413236418526
7280,18.913639549094302
1454,33.7338282628068
6265,105.05668874391696
4956,121.90127192613701
1289,43.71167041695986
8461,25.111927559112427
7938,26.67764796589678
8086,56.03933039090144
12196,222.5636284264579
6164,98.16190460547715
7302,44.562061732331806
1550,10.74667107284563
9544,47.387802939829086
4730,32.523192730106366
1380,56.72648482641375
10817,18.47184854699481
9069,238.30679509876984
449,108.10053358069194
7547,31.627153573220554
6617,729.5330892988212
3643,20.284146452113198
5419,52.33502285402345
5488,44.84434623213734
7736,25.25529163215043
6582,36.90758295923913
531,48.55512336860804
8976,99.10580111812504
8628,73.53559639589767
836,16.5388080941117
2111,40.82825386134069
5752,22.064959515494568
11877,19.03869171515483
9174,31.783183205832422
1306,26.258648804678685
5578,57.93339311531284
730,285.27356129052106
8727,34.138927758241884
10850,25.95043201652763
7486,20.17414108519247
9112,23.336460629311897
1113,28.3106175134132
508,26.208900625262913
2577,128.11351896831684
1984,27.34020473524978
3220,728.4004134836437
11625,38.98163569933622
2185,7.376263478843178
1487,50.64076523186901
4747,15.006060493976513
8240,31.116999741736187
6070,278.23138998220895
6590,24.877733027091274
7531,15.949957006624409
5660,5.0059319670378954
8061,24.722560528747533
4164,30.293504634899712
9577,70.34922545763104
4824,76.91127576611414
9130,34.94458493838966
1285,47.67636717845958
11790,10.340386739185305
6499,74.75218666599872
9108,34.6525160676295
11344,31.519865656416044
7538,60.39704978760726
8561,13.33318229117127
9381,103.53958072360334
10519,44.71587105699851
5109,52.02618743716477
6340,31.35766312040863
3341,18.34656490070258
6274,27.668498141294847
11292,30.33398522103898
3441,82.33072415157197
5136,127.66164959441298
6991,39.52575939313311
6113,85.32212810616033
3025,29.6171870633748
10019,39.09776720147559
9376,154.9126696101434
5640,44.523295006215065
8993,54.17522007535858
11664,98.22225163132595
2023,29.68524800635874
4638,19.248334719905596
8747,66.22615412682285
7692,34.92690798471631
2602,28.75692014595969
9621,122.00918315269638
6650,73.15458259902171
3484,26.72460162864695
3118,36.405796099588784
4476,34.32547874515771
773,64.72347042567736
6458,49.6444951400649
9205,453.0733439014969
9447,53.323854698684976
5782,35.934249156703345
5577,51.37913800224435
10808,26.23440699165983
10434,69.24254439764346
2124,19.30627312539099
4079,21.498621607905832
8147,25.290510479011935
3141,60.79053279067526
4029,389.7566446250348
1372,136.68134988669684
2239,215.11444100620676
10200,18.391347154560215
2789,32.57594373980413
8406,92.67968611682623
7842,27.084237055608725
2103,26.347043023587794
10097,44.10155189177555
6628,50.40556838086077
5102,24.230944676971223
8673,21.98316017487941
3615,40.09086470385035
5960,114.16221584271312
2780,55.87900827509271
10101,30.98690913093641
4989,84.94456950110117
1016,27.757537753301783
3623,14.628501888917356
2744,16.131955892708657
10207,13.578360610789314
4796,18.285106374121202
2899,62.866952637904554
2088,177.98556442746826
2689,40.957980710018305
4871,44.068131815936326
3482,30.3056984555135
4725,43.96884618190811
5499,27.876829056503265
3242,23.58328351505643
8249,483.42061000893693
4530,19.777119371134237
4546,38.00201064870902
10484,32.79570386624174
1872,38.95316556654923
853,88.74105309244567
8144,49.94937802771297
2155,31.164700107329644
7929,33.046215341949264
7530,43.802907696931904
2497,22.47436052434228
3791,204.05773684387123
1577,10.879051358286741
276,37.287377840503
563,29.401824492748652
3427,59.09192382516218
7094,14.990656838110205
5188,43.492277843482235
1278,81.44474864680512
9302,44.8485405743097
9111,13.521961593700848
9519,28.123329240859242
4440,84.75579019857159
425,28.424360245017738
4676,7.587285678145278
10845,27.1809902421005
4198,30.120610769792734
6180,53.231323562710685
7598,55.70620161647403
4227,34.13669944262813
1656,48.60339518920005
3659,38.393083577955636
8405,93.41392898018107
9124,29.35974376078971
8027,29.928768406171216
10445,97.12498366934199
8011,24.41799548883638
3668,32.240292450091275
8718,56.89693833088704
5092,68.65021173486483
8738,13.335715850074902
5190,40.725361004561
3985,4.439594059449156
3996,21.696005982219695
4422,192.52782175184015
3237,26.503331116270942
369,53.41107385252467
1276,101.74188712369988
5485,36.530024354179965
7780,33.97807543522891
10399,34.51648636330104
5497,22.35961081479586
2375,22.108830695761387
10643,30.171894273193466
8743,300.60826496286137
9592,84.59607578192691
10983,33.824606165160375
8103,21.190986305287485
4515,37.92397482636435
1701,22.15264385848143
4111,16.72804804040585
1443,43.01306058597844
4938,36.89768286388457
5224,9.932780605365942
4256,31.55925453480543
4192,35.26882150394287
7689,51.68878450586443
10669,45.694737547509284
10716,84.7848550844565
8314,28.335221132504053
5643,29.700816658607586
8360,73.72092050661044
10700,87.12432533901466
1181,30.80413732468711
6323,28.226530598053678
2293,33.57036153503939
3251,27.93606874272531
7670,17.95878478819009
11496,57.02765673418108
6753,0.7830041412572157
8224,77.85539804873062
10369,34.31686477791664
3218,30.725959984153455
11445,32.94860869092761
11150,127.6209052261616
3826,20.957801756414945
5730,25.508498912865925
9499,65.24501474238156
8228,72.081831098115
5345,48.07151013745182
8044,36.68936636682166
10619,119.21279553291544
6562,408.34777236559574
8089,49.24934991115511
8152,39.90331799819227
9928,96.46480560324974
5294,216.05833751885464
2906,38.6339558837968
11305,246.8284252667666
9288,13.52449515260448
11620,62.322697674935824
8176,33.95014845571231
1486,72.83386205038866
6977,33.897398857511185
2759,19.49505242792057
7801,38.153870688827695
11623,46.92091855996271
3309,31.324086943628117
5097,33.63668907655054
7516,51.71206012975846
9565,17.64304499696824
8863,28.524000435033635
9345,32.383739064875144
8921,38.53142929388685
5010,86.90566476383637
4383,21.146581058944523
10251,12.33579165364409
3619,30.10472533237013
9273,35.85950597936363
6413,26.347787917192363
7949,179.87335745276405
10628,49.23311421871931
4370,39.34262303733176
9175,101.59505576792901
6197,30.730901670740963
1673,214.7368824011476
7744,29.039218458015995
9107,30.951366240789753
6202,20.43811560376704
1281,71.80399382176589
11288,36.890276090965656
7628,50.75718808033208
10375,40.469655905781
9870,139.51303942464054
10045,77.67146662378144
501,20.92801660953531
10981,9.795851389137475
9377,149.03633760838184
11273,4.960760600326992
6254,269.4083913202518
6592,24.51205464666925
10320,32.1812976601955
8195,66.03737482429327
5463,408.0444462342582
9610,251.29326008979066
9530,91.57274263038934
8167,56.70815902835746
11731,29.23719124738993
4897,92.54562230347953
5009,117.32500250761964
2344,54.49906653947826
9871,97.31376297187155
7336,38.945907161356914
7333,69.40532894498314
1490,45.40110745362466
1495,26.93595777550656
5,78.61536313642934
6474,33.35048968381154
6604,55.941543981360795
6004,61.62807918407843
12255,60.12451227194617
6185,44.18450312727265
4835,109.55969266581005
8534,32.00471217827971
9980,279.7416244024456
1893,22.507977992570243
10126,70.16044615510145
689,101.68170106697349
4529,19.871777696178306
4921,22.170831512266282
7368,409.0482205680362
5310,35.646380109002024
375,40.837456964961426
2874,15.153311980850514
1180,22.62209387720091
12190,30.549452878252623
4859,30.741590526911253
2582,100.66487401479702
7350,52.717337559694386
2965,22.718981766070165
1540,17.06123589756736
3089,26.192576349745806
1201,75.96737925346625
10282,25.288898436336268
8275,154.53511100508425
2573,17.54447778002142
12193,26.094784740632246
4052,26.913380931176533
2640,29.99133431507697
2007,18.29790855359772
986,239.11652644429532
9372,27.2091246783078
7056,44.09342336419139
6277,24.31825504237941
7079,105.78591625050962
11680,127.80968452869118
8842,74.06934545212084
10487,159.09775523320553
732,146.23449000825448
8962,27.461795660667885
11768,40.378105759248875
10028,111.44748569110584
7205,52.56873748856666
2644,16.161525097252834
2552,23.185579227201934
2230,29.727166727310973
4064,56.256566880151865
8098,31.614959752606765
5995,44.44569042099548
3143,32.3621232395808
9683,27.56016088983532
4785,49.07815723247616
2828,8.06218934604128
9025,19.564252452374234
2973,32.714121422870164
8876,31.93832846278493
11692,38.93176219716154
3187,43.97613854694065
551,40.50935315482275
9737,50.00446712127342
5425,40.9570335550873
1409,26.96264613019062
10771,20.270484040570206
2053,8.688811677653192
2449,20.580243151355784
4199,16.395781479740723
10680,25.779857375754894
7304,38.86787133901225
2469,160.15181894387806
11734,26.2060480676752
9555,36.75429710328007
8867,78.313508284444
965,43.10840645357414
6801,409.32208037633484
10955,28.02813356825662
4445,137.43646709681516
1881,26.55537393879621
6793,29.24744050774718
2241,58.69803606484105
370,66.0762007809074
2763,11.313008980434365
283,26.570000755464
1241,481.34403768111156
2073,27.737206087510547
711,29.712579259273788
1806,13.102863812814412
7653,97.43726398275126
3270,19.598011908802683
11905,12.198132235720891
10354,16.705074216742723
6667,110.12603057339877
1451,29.03188794797475
9641,86.83236252639696
10154,30.191337020395075
12102,55.51139246431226
11390,26.80181959436568
2866,24.825758879768962
3689,55.19792460812083
7601,36.95044634529723
6329,25.670755821863864
9728,92.42020489638388
8323,38.03035867906205
11046,63.433443026089364
8318,56.50788188894953
9167,59.03366912467263
8155,83.34972535106837
4994,137.62524639934475
4178,38.58186288048521
8441,46.1078469231359
8478,57.40904366767882
2342,73.43073154829167
8131,16.138736309153987
649,84.81036807512395
3738,154.80196274380518
7602,38.20446076319718
7922,75.09921368074362
737,124.5441821615511
2772,10.919905590001544
3976,29.975784460622645
3493,41.20581246639985
4597,49.980564545297476
2864,24.34876335659826
7267,26.89545775307915
103,41.00571761777876
161,37.34251083432872
4113,17.31271994404234
4461,86.71688546130679
6303,24.724172571423196
8261,35.11568728724589
11061,29.25178381225527
11172,115.86122956547933
11107,31.681262221151588
8470,9.20771092400783
5213,28.98487189352332
10194,43.28238479422522
2727,43.485965058633305
3328,95.92702956251463
6008,32.99319845032273
1682,31.39051691492889
4110,35.367911249114606
11521,94.37945965746422
4264,49.62451226515461
3904,50.812800094655614
8102,16.138736309153987
11189,65.62257334744072
3640,21.025768599090153
6597,21.901698269062837
2196,23.031491949440614
3086,29.33052642404897
9551,31.211051078844218
6892,13.498508041238502
8557,34.463736765099924
3882,49.60300594023832
2553,27.52898403777936
3931,29.137100868411387
3272,32.467841014992274
6100,65.09326127284062
3152,33.424498325707795
6269,34.58612762814594
6001,34.360570077127576
5276,63.622069848022875
527,89.71001249155569
1933,48.847888730120005
3340,24.730085989102264
10508,87.99151395021104
11408,38.21779991859476
7590,35.269375257805606
9100,53.08306756212206
12166,47.10969786249228
10334,34.31686477791664
10711,18.258963525405807
5524,143.78035907536997
4996,113.78465723765399
8875,40.585380926431796
927,20.101935946494805
5324,31.67073045715121
1546,19.227758157788095
2064,40.78894324974069
9327,77.46846523040341
7082,75.69055042182129
6166,71.17879797973201
5166,23.75252766466937
3908,40.39069564749856
9729,74.81106690456606
11203,19.748056237114547
8317,24.8475620966468
8982,95.21021668876114
7075,110.31480987592835
2338,10.21953673266891
1337,55.57950954703905
3660,25.20980844253041
8446,46.82146503224035
11301,578.2064364959824
7265,26.642786770719063
121,86.64874891231975
6842,16.837133818500696
9823,36.2370645844228
12109,21.184416529597392
7508,91.1588346943071
9087,35.954039569101
8180,19.417782189298677
3191,39.51950347413797
10015,45.75571555513467
9467,51.49079896553411
4008,85.51436817605686
2355,95.73825025998505
2980,38.204304275426054
1447,-0.06624191125583678
2292,25.654989431602175
8755,32.117976916540826
10946,40.84721451084016
6308,28.45341854009291
9231,25.747857218962174
5127,408.29310335791786
3937,24.94216100527719
12088,112.01382359869456
4014,41.35528115732943
1529,33.311129333686885
3688,52.34978848776842
5569,109.74847196833963
22,20.125614842173704
8797,32.063045644618306
11213,46.317654596576986
7284,92.21067419893825
9405,38.407917284121204
8807,45.38958693364338
5384,64.70642051720084
9268,57.08571763341662
9379,96.0872469981906
7417,15.179436140639783
589,48.78646072020912
8156,64.4240368084993
10782,18.15858893620775
3841,30.23931474001872
8652,16.327515611683566
6567,99.60512873914811
2198,56.34109817608659
10634,27.775462585896534
5002,51.19035869971477
4727,32.61785105515043
6609,42.84822349295317
3540,28.425429126451277
10784,17.42011507345539
4069,40.347802399501845
11430,42.65477615361693
2035,-0.7272302789794196
1511,219.10054191172554
47,30.248837351583035
6518,71.51549319052627
5008,30.873504644638516
5663,5.962720600129316
7555,31.663223877918593
10522,41.230416062627555
3906,52.67970292636857
8435,84.93279188926223
5624,83.98889537661432
525,26.35675943198919
702,56.34193242392435
2425,54.62008886365374
3933,27.906542642838517
11450,37.7229524368274
2110,43.29718575610372
3331,74.36909530411423
222,30.248837351583035
7981,21.493109788143045
11548,139.89059802969967
3707,32.40659317116364
575,98.06888018198987
6224,10.010266795360245
11145,39.48370899681368
10503,137.62886331217373
4179,32.42907175262086
9539,20.94081878901183
9303,46.18896390779641
10923,26.31419512655091
2036,30.726833944503312
9222,35.47628528447858
9419,29.674741529799356
8491,85.3272937946127
6407,31.249594968161396
11816,43.998191392743536
6790,31.30051170532367
6521,51.75669660730351
7578,34.29764600179665
5619,94.07754087358366
11436,61.71850490531431
2115,16.865006734516182
10702,70.53800476016062
3111,51.579905643905136
10796,42.613154029856794
7443,22.770122721723162
902,58.52558591757345
7873,44.46405858288788
3050,30.230183891245034
11978,46.42297711479264
4344,98.85001152902981
3313,75.40795979155166
11239,40.1893264567193
7262,39.180614157485415
2039,7.13113859618246
4816,32.51883281073055
2149,3.9324934725587255
10610,76.63444693446917
6427,26.153704955178306
9045,53.283675467283125
6341,25.95843469494644
3375,128.30229827084642
2383,42.15210545724559
3654,16.207002177211145
8347,36.995985273287694
5939,45.05628809261894
9805,84.34808377689396
63,47.429302040842956
1057,56.15231887355701
1778,66.41085485969977
6802,408.8594412655066
596,25.50685814129381
2881,35.38611038065107
7289,78.53643701352536
7850,28.335221132504053
2164,26.111147698223576
2459,19.467912317293372
483,36.99218179454111
11017,115.86122956547933
558,39.16585732013651
11025,54.22281587931924
2205,48.46313338910585
304,11.271437489044121
4360,55.18642677124248
9054,29.578868010920665
11994,35.596412580277395
3414,15.37769336661329
1004,20.743504397787515
10778,13.955919215848475
4449,104.84201973786173
12134,52.831688939409474
11337,58.71069781303639
3710,23.18843178478965
5030,29.514659473470545
5680,84.3833972819648
4261,83.8836358034398
12048,37.58884774341102
10012,63.96835321555905
906,7.008042934619773
324,27.565419295501847
2760,41.30836112735072
4943,220.0148391685293
9749,32.47417923767122
2507,10.21953673266891
9880,69.40897376679486
4286,137.43646709681516
8329,22.750024208401587
2803,28.79315892086887
6385,36.02393871406118
9789,107.27118389685202
8665,33.84464784781342
5957,101.37154838285224
1428,65.8859599339112
1095,33.674044630526375
1427,82.4786609563777
1858,71.6152145192363
10498,206.13430917169657
5005,43.91310742057354
6669,114.3509951452427
5437,264.510677320796
5681,86.0807060836456
3306,36.64363626859106
6200,35.43284198557301
6014,204.81285405398953
8636,55.66708091614332
4160,40.27964400637993
4125,17.24864793551028
3090,15.825114144467975
2358,75.20311360004845
7986,17.214692423559853
11869,45.757629473837184
9875,78.61051525884895
2961,23.6712848911368
6554,61.81685848660801
7603,35.2931680717749
7919,85.13851449208312
7500,62.50903302862562
2253,28.49939681594278
8946,88.22711988154343
3617,38.822735186326376
9846,66.40543423996706
1688,32.83337504906447
2177,24.06532572902461
212,44.40750789968595
11535,14.489474479535183
5788,24.91402656906989
833,33.381582232509814
12221,39.86126760187284
1702,10.879051358286741
10582,127.24334662110246
10728,30.145205918509404
2072,20.290715249024384
4320,33.06462646563703
10524,45.0796887653733
1368,484.5002844619604
7969,26.263616122984242
5017,57.62722911894777
3159,49.81122009893621
5523,262.0964922181141
10296,31.971962508361997
8116,44.24085725754521
1776,75.77859995093667
266,21.01726976930717
11641,31.205800134650413
2404,24.94377304795285
9999,34.921971947876806
5620,101.60877052744492
3812,42.63929872917314
8353,38.539812484165786
6671,105.59713694798003
1274,85.42973823038636
5589,63.73478032214492
11347,31.706483450908067
835,25.839163801857502
6231,83.27462066421987
7510,73.86717039191817
197,27.773850543220874
10676,33.815146975231784
9916,52.26535103182074
1400,22.44766098722618
4340,186.93265972850514
2328,63.762524004552944
705,79.1131322547788
6212,6.151499902658891
10425,46.377743210325995
12022,161.60517595459464
11564,46.17845905092849
7583,160.16917400807964
2335,30.041404588715455
2745,18.93363508408415
4153,66.06277872306421
7975,19.32658752792231
7103,269.45897416288346
6824,35.19892235898268
6055,40.26123333788684
9186,52.2783980373472
10584,66.41471639054768
1838,29.24054267475102
1388,85.58420964612932
10361,27.286380770355784
11142,38.034540110979655
95,10.529166041714884
9378,100.54902525179602
3163,19.73092409354456
10660,85.68790909938053
2330,49.05817435756587
1802,45.01087466961754
6012,408.1589930630662
2218,50.013046406992245
7152,43.77197454435061
9863,33.82571301420654
4295,71.39100977304388
6090,36.335526388213445
11012,103.07056210561845
2940,100.12306228506617
11424,57.17200620607891
7148,73.5030075445321
7043,32.50315104745332
503,34.390944072749114
7771,122.8451684387849
5967,71.32671388799669
8566,6.0090658003841
1239,267.75996044011725
7698,51.321454519172846
1521,71.4555688762555
5291,34.80672044570385
10349,38.67114772994373
5039,18.158522338975985
10854,25.66645704139543
7067,56.00930095971489
2025,25.47044389970435
10905,34.6944233829758
1853,81.25596934427554
4625,23.285319673658904
5464,187.38445080728593
1989,38.0495503849836
3783,49.999999401465786
3749,71.2022304705143
9605,30.380116322924653
4252,15.725546298146327
1917,34.82529196797681
5539,36.14674708568386
11263,7.850513625425101
3211,27.52898403777936
4575,25.544972150719307
11,50.25009012252416
4283,232.46182790020603
4315,264.1331187157368
7062,12.97924005929855
9252,39.67271959135254
456,50.56415441772445
2171,11.988273621001866
7943,409.699638981394
12178,24.62496244515081
3936,26.046756913033875
2728,83.32561905316516
8345,57.65608187486443
11538,76.45120038876493
3747,75.58067220510762
7806,85.88846601374907
10804,14.088299501289587
8161,27.084237055608725
7324,8.830152318948674
1608,23.971742099097654
4375,23.966915824401458
3833,23.33732767641017
5465,204.62407475145994
9478,102.50422419802972
5859,29.632072631120252
8821,33.937094962970626
4927,29.604689893326217
10690,17.831824299497818
10889,41.27686611921091
6286,57.01168409027018
5558,46.93436278025315
6658,37.77631208376854
9655,33.84712833008762
2652,37.435672741120285
1106,31.57929621745847
2560,43.485965058633305
9864,44.468872912838485
10259,11.443015025602573
8512,577.2625399833345
11388,19.766850876926867
11070,155.47900751773216
8837,83.48891295741689
10121,16.93253349178523
9364,158.44303729380388
2327,64.14958179899747
9985,145.47937279813618
4825,74.18584875840997
8087,62.365407060949764
11235,47.76536154488824
3431,33.07035116896181
5543,355.7811709100398
5542,37.59591597151789
5458,27.363990786959477
2664,85.13680957099771
10592,28.801173956472326
7534,452.5070059939082
1873,42.24799922742961
3036,31.749645880010675
5443,33.11724044969911
7763,401.33699814142943
1429,51.11521782161793
5483,77.18083246926653
4913,44.65556692960776
10084,68.71764947185488
7561,15.949957006624409
7838,24.71301261758113
2830,26.299927000753154
5714,102.76940079654568
10609,77.65724453293299
1840,406.64875864282953
4675,23.589884713570058
9458,124.04921877018882
10402,36.8337305332927
7279,44.99619947886993
8740,33.06948895504206
10231,18.283574505036512
4484,29.285146411516024
10290,54.525602479696886
6028,74.17196439096287
5698,25.392152097465164
2098,52.55130264903887
8717,54.04880221053463
9937,87.28496079161653
10505,94.24463602624576
12257,46.36723835345806
706,55.39026042531441
11191,49.872531517465006
557,41.16555371068539
3011,20.095367149583616
4665,30.791325212819892
1410,28.15247059633855
3151,31.75542647327363
6509,138.19158430693346
4385,29.41591059079664
3729,157.9633201392973
8207,159.47355455953394
11934,59.55034631908943
11615,84.65399678980796
5042,70.80123937467286
2801,25.78715457722916
7899,32.614626969799104
10822,35.5109228459784
7584,113.96539956084561
9743,42.3562163342053
7483,28.043547048749176
812,19.6577985109563
3856,121.52371332107785
9103,42.046816122268055
10530,42.75572783270226
8587,11.065456420543416
7934,29.624999112806336
6854,42.802139587904946
11461,18.84991241262525
10745,180.81725396541194
218,32.9898420169573
7940,577.073760680805
1381,50.246462187066875
10586,63.779573913029466
6948,21.526428595831177
2819,27.283171432964338
5383,65.09347831164537
4123,19.041465270014996
11582,35.193812777524485
11007,34.01449231673612
8977,130.1900912961422
2076,24.259476282287686
9474,86.4548039213378
1431,46.89346103571271
7357,32.85743603941969
639,28.341800493485273
9633,32.57105008586845
6252,408.670661962977
2290,47.12761362480392
2129,71.26935321201043
7337,4.653357934533815
4412,56.334626757157366
6408,21.969665111738045
5583,31.06228394716809
694,731.683894100368
306,27.74732814968924
11319,54.50329710189662
2420,84.6420505562024
9739,51.623864029673314
9456,194.2268354746064
5440,101.7919873471217
8679,32.04078248297775
7559,25.181519311373435
7605,30.718077403923626
5943,24.091407801634237
6401,33.18418896273917
7896,2.9341994111869454
269,21.87643501735889
3140,101.03687013700339
1100,58.509256762311466
7852,26.263616122984242
2128,239.3053057468249
1671,450.4304336660828
1890,26.96264613019062
10641,25.828489462616044
5312,33.331060949922446
8053,9.26405650413897
11603,189.38679066138968
1625,16.304751422862385
10506,83.86647156247605
11188,78.84743178681927
7041,12.769377942486166
6351,24.352947067147667
3405,29.787005158093066
865,51.30399712414751
1901,281.4979752399295
313,18.71335977680643
5955,233.02816580779478
9769,23.291120229445102
52,96.3428925039386
8661,46.12752024831528
1030,24.728471351891635
2678,19.614517468361576
7036,35.51479656529023
7391,28.046056746354008
6074,262.2852715206437
8919,28.423615351413165
322,10.230195913559388
8765,33.2593751066178
2353,113.02954002753566
9970,31.49248291862201
6668,138.19158430693346
4258,299.0980305426247
11559,54.411595181848824
484,23.304615292586462
10856,25.863181487384303
9509,27.586683283366956
11014,139.7018187271701
10221,42.015812735455945
4291,104.84201973786173
2310,32.34633040554872
11921,10.585511621846024
1804,39.635578437380246
11685,52.245916175652425
1684,40.914346562609154
5078,20.060556998707884
485,32.41709112668984
9221,30.76474844629773
8095,21.903987200890334
6152,18.049042514348333
11852,33.13738799345718
7146,60.51403121158705
4604,23.751917134790673
1666,29.45371039719796
7057,33.273950020848865
7374,221.17711423955092
2645,18.586112493097286
10228,33.65834902755804
11651,30.42985873991767
1810,21.73127209070223
9183,69.99135840298172
2042,17.298900822019284
4932,23.39741259204046
911,15.210715845261838
7533,35.56183765582217
7855,19.10241885162388
4924,23.932217657668104
9944,46.430269479825185
8641,41.71087964096903
5766,28.227067945612234
7835,48.28921770607141
5851,32.99540966020959
3312,63.24692247905844
11127,145.66815210066574
4753,38.77064218301479
10171,121.8204038501668
8229,68.65385655667654
3771,32.87584716310745
476,55.37025732824169
26,26.39482737020478
8067,58.22889120138238
9622,129.3606633171792
10930,33.558523482447
6750,14.13728381801793
7888,36.59027662164992
10360,40.469655905781
5546,122.72776365248177
7203,36.61842666822854
1913,55.39073024450947
8615,25.108064277265985
5602,27.16061891956456
4934,44.54247645452939
1932,42.7352467146614
11015,98.56993979792873
4951,143.5915797728404
307,38.19960078705829
9455,357.10262602774685
10558,263.6067266383507
4534,7.169840908593152
8668,43.368477495493686
5160,23.418257036990177
3901,75.58067220510762
11196,40.50206927519247
3304,26.535822326117376
3715,91.73654942205013
4914,40.14932874323958
9639,28.123329240859242
9540,46.674184830724634
9771,35.853843889537735
7190,262.66283012570284
10157,26.713607215172217
352,55.46949899234478
362,92.85784841707333
4424,122.3502050474226
9137,11.254235723072995
1362,36.2660776635319
229,50.21480044757851
6641,37.65252298554645
9330,72.45938970317417
8239,18.14756409071967
4650,25.67236786453953
5098,8.140718749797244
2992,112.38093266688736
5742,40.91414030709058
7131,187.87655624115305
807,53.833268935128885
9120,29.397315052740804
10890,37.534173134297816
9039,17.664846778146366
7344,17.09850887055763
11233,45.59673439806535
5988,264.69945662332555
11400,9.852637308500231
791,19.341204035711502
12232,55.76055079204171
10668,54.32446596462077
8301,44.51335085778456
12254,53.6444896325993
12231,52.43469547818201
6578,74.36074369349244
11229,21.318377394070986
9457,177.24703460212535
446,24.631169067003597
12015,50.37537511519487
10284,26.62152278285395
9026,86.55798743142593
3581,23.2123261085109
10444,115.4836709604202
2296,16.72758739664128
785,98.31372841850863
118,10.232354090048407
3044,49.24695366009544
7876,34.10338775815603
4781,52.636893471907165
8013,22.95890202425274
7107,102.35832525471045
545,17.19635471880978
6425,22.392564116664
1103,31.673954542502536
7405,16.303778348696685
303,15.38630106653429
8904,38.40764019566476
4752,31.48195115462163
8451,45.46719151886296
9251,34.033427150343
11699,103.25934140814803
6657,47.31192138531231
8741,9.040734179019157
6526,41.33459216014646
4260,91.92532872457971
5051,52.43667293932498
10645,28.312108543388824
9306,20.563260183952668
10674,42.04381171623657
2994,62.725023085733085
208,58.41250343446124
1960,15.88221246036472
11095,45.457247370432455
4678,23.78660915955893
8703,6.0090658003841
10368,49.620257905076556
9814,70.97537081135044
2891,75.11424120123303
6064,30.994431950137034
900,67.51753591968735
1159,54.63158670053209
11977,61.90728420784389
11823,23.49996339202723
781,39.3093208022207
5393,19.241805066245615
8689,26.908822165296623
7255,62.5284019501849
2571,34.07812969750015
9679,35.32214354344882
5725,29.52017183009343
2794,21.259888301486527
5811,61.197931482058664
926,27.124737078036134
5442,33.44218507069619
7264,31.317115002576386
9601,32.43318752050115
7398,44.99619947886993
9143,30.783322534401083
2835,16.350489435346688
5135,120.31016942993017
10440,156.87853507163055
11975,218.3236891492096
4869,33.253405768166616
9525,99.48335972318421
1787,136.49257058416725
3768,42.52966406230475
245,14.12915373300439
9817,57.46327623847577
9799,32.35113442494797
7568,42.36497179689657
10187,31.02489389370718
1176,11.070364219719952
3692,25.29480925948037
1745,84.76444515469609
11082,74.82446266223916
2841,24.538080006686393
6692,92.84759107259234
923,46.783539057549
11569,20.995637227067814
10165,246.26208735917785
5320,16.77334008479988
7701,33.55953635791147
9462,74.0984791116696
11010,234.727179530561
1714,31.485175239972957
10521,41.848342466005796
1854,85.15982441226737
757,60.005294628858394
8565,25.479289781541514
2920,90.4448519109442
7717,87.23639674009273
7523,41.4123198215574
4945,21.617348393224113
5521,400.5818809313111
4555,-9.469439924309171
7149,77.74717037685527
5829,50.113629609436686
3993,55.89880924744219
11887,26.38122145293442
8810,52.06634311092359
8823,27.02034537577822
7830,77.71475597164181
1703,20.69355039389779
10688,21.948350024003677
4715,30.48637069833297
6045,22.54839011732544
8438,52.39631093937041
7222,54.52747570614759
8348,34.166854737758484
8415,30.647335288648023
3186,44.08922902201902
9047,43.05429488009564
7509,76.62447562146966
6131,17.39244688060135
4653,12.743390831120184
140,49.176693504216246
2043,84.29263580107099
6356,53.392926664519415
10163,409.8033377781545
4991,232.6506072027356
6306,29.369325639099173
4582,244.56307363641164
6563,187.68777693862347
541,57.897093985010684
11160,21.70224233006544
9146,18.42706176317206
10830,14.819963158945555
518,49.5165316999378
7529,31.430267210980865
6255,245.1294115440004
12189,31.394579437179992
1476,6.819263632090191
1906,141.28838891945625
10367,50.51571593530171
3219,207.53528374391203
10038,54.94505455672352
3298,61.514222282674524
7290,67.96253226173656
1101,43.02494966926022
11423,68.51690965594874
2643,7.245803368210396
9757,184.22829887840604
584,54.78915378690798
8648,31.80373905513634
5921,32.125592442394165
3864,32.656620317521856
7702,21.31539098750281
6566,148.09244109573393
10710,11.52050121559688
8522,121.44284524510763
5593,47.5341004959531
10313,51.43508472714373
8762,75.50730387611705
249,242.70333319235732
9329,73.09002349581009
9386,87.80273464768146
11411,63.085724507354456
9617,238.68435370382898
5327,105.57217017408581
5439,43.096001969893486
2600,39.40090148082246
10236,20.073373256659274
6179,45.35272971301758
4959,63.421116929304716
5329,84.08742606553062
9388,86.90740218655736
6916,24.54172636967725
10562,144.12007845739993
7423,396.049525056321
8279,137.062525404585
11799,40.45614158159355
3576,25.014538182298544
9510,36.2132717704535
4242,29.58540158874615
1005,17.430463021245167
11658,284.8960026854619
6305,36.761999838245885
11632,24.436183142621232
5900,34.70303735021687
1489,40.41138464468153
10143,53.4724547698127
8782,68.84263585920613
1491,33.41801617171162
2144,11.256609963345898
7242,72.33490628569177
11631,26.21106836943546
4639,16.39527621916944
7269,18.426601119407493
